cluster,count,top_terms,label
0,59,"distribution, voltage, power","Cluster 0: distribution, voltage, power"
1,60,"charging, ev, distribution","Cluster 1: charging, ev, distribution"
2,82,"charging, distribution, power","Cluster 2: charging, distribution, power"
3,64,"power, charging, distribution","Cluster 3: power, charging, distribution"
4,68,"energy, power, charging","Cluster 4: energy, power, charging"
5,87,"charging, distribution, electric","Cluster 5: charging, distribution, electric"
6,68,"distribution, power, network","Cluster 6: distribution, power, network"
7,55,"charging, power, network","Cluster 7: charging, power, network"
8,56,"distribution, network, power","Cluster 8: distribution, network, power"
9,25,"charging, power, ev","Cluster 9: charging, power, ev"
